dataset,size,insertion_sort,merge_sort,timsort
random,100,9.116705041378736e-05,8.466606959700584e-05,3.00002284348011e-06
sorted,100,4.707952030003071e-06,6.354204379022121e-05,5.419133231043816e-07
reversed,100,0.0001794580603018403,6.950006354600191e-05,5.83939254283905e-07
nearly_sorted,100,4.875008016824722e-06,6.354192737489939e-05,6.660120561718941e-07
duplicates,100,8.420890662819147e-05,8.554093074053526e-05,3.00002284348011e-06
random,1000,0.01033295807428658,0.0011091670021414757,4.8541929572820663e-05
sorted,1000,5.11660473421216e-05,0.0007704169256612659,3.6670826375484467e-06
reversed,1000,0.019073500065132976,0.0007950830040499568,4.00003045797348e-06
nearly_sorted,1000,5.2625080570578575e-05,0.0007899999618530273,6.082933396100998e-06
duplicates,1000,0.00877091707661748,0.001091624959371984,4.308403003960848e-05
random,5000,0.26129158306866884,0.006598792038857937,0.00035445799585431814
sorted,5000,0.0002660000463947654,0.004267791984602809,2.0417035557329655e-05
reversed,5000,0.49639854195993394,0.004535250016488135,2.2542080841958523e-05
nearly_sorted,5000,0.0002684580394998193,0.004265832947567105,3.10409814119339e-05
duplicates,5000,0.22536866692826152,0.006361125037074089,0.00024112500250339508
random,10000,1.0534210409969091,0.014260875061154366,0.00078504194971174
sorted,10000,0.0005349171115085483,0.008972459007054567,4.187505692243576e-05
reversed,10000,2.001930082915351,0.00960041698999703,4.0792045183479786e-05
nearly_sorted,10000,0.0005403750110417604,0.00910224998369813,5.937495734542608e-05
duplicates,10000,0.903029041015543,0.013871041010133922,0.0005091660423204303
